country_name,words,count
Brazil,futebol,2442
Brazil,vlog,1904
Brazil,flamengo,1597
Brazil,humor,1536
Brazil,ao vivo,1485
Brazil,brasil,1417
Brazil,loud,1214
Brazil,sertanejo,1200
Brazil,free fire,1187
Brazil,funk,1075
Brazil,pop,1055
Brazil,são paulo,1049
Brazil,palmeiras,1003
Brazil,gol,976
Brazil,live,952
Brazil,lançamento,872
Brazil,gols,854
Brazil,rap,851
Brazil,engraçado,833
Brazil,melhores momentos,813
Brazil,brasileirão,801
Brazil,music,799
Brazil,corinthians,780
Brazil,globo esporte,773
Brazil,comédia,768
Brazil,esporte,766
Brazil,felipe neto,757
Brazil,esporte interativo,738
Brazil,globo,734
Brazil,lbff,728
Brazil,fla,691
Brazil,garena,690
Brazil,2020,672
Brazil,brazil,645
Brazil,tv,633
Brazil,sportv,632
Brazil,gospel,620
Brazil,familia,617
Brazil,forró,606
Brazil,musica,597
Brazil,rezende,597
Brazil,comedia,594
Brazil,irmãos neto,593
Brazil,now united,584
Brazil,reality show,584
Brazil,intz,580
Brazil,mengão,573
Brazil,campeonato brasileiro,566
Brazil,coringa,564
Brazil,música,562
Brazil,canal,560
Brazil,esportes,556
Brazil,record tv,554
Brazil,libertadores,554
Brazil,casa,550
Brazil,soccer,538
Brazil,league of legends,535
Brazil,mengo,528
Brazil,rezendeevil,525
Brazil,kpop,524
Brazil,codiguin,517
Brazil,anitta,517
Brazil,liga brasileira,514
Brazil,gravidez,512
Brazil,highlights,507
Brazil,entretenimento,505
Brazil,santos,504
Brazil,de placa,501
Brazil,globoesporte.com,500
Brazil,ge,500
Brazil,ge.globo,495
Brazil,2021,486
Brazil,desafio,484
Brazil,liga,483
Brazil,record,481
Brazil,universal,478
Brazil,lol,476
Brazil,de placa ao vivo,473
Brazil,neymar,472
Brazil,campeonato,467
Brazil,piuzinho,459
Brazil,entrevista,458
Brazil,filme,456
Brazil,bbb21,448
Brazil,ltda.,446
Brazil,gato,445
Brazil,brasileirão 2020,445
Brazil,bbb,445
Brazil,nobru,442
Brazil,bts,441
Brazil,eua,439
Brazil,lances,436
Brazil,parodia,432
Brazil,pain,432
Brazil,tricolor,427
Brazil,podcast,425
Brazil,trap,420
Brazil,cerol,419
Brazil,musica gospel,418
Brazil,mc,418
Brazil,babi,412
Brazil,gusttavo lima,410
Brazil,kondzilla,409
Brazil,paródia,409
Brazil,voltan,404
Brazil,jornalismo,401
Brazil,brasileirao,400
Brazil,riot games,399
Brazil,piu,398
Brazil,k-pop,397
Brazil,victor,395
Brazil,casal,393
Brazil,vasco,390
Brazil,esports,388
Brazil,copa ff,387
Brazil,roça,386
Brazil,racha,383
Brazil,curiosidades,383
Brazil,torneio,379
Brazil,jogo,373
Brazil,maellen,371
Brazil,will,371
Brazil,cristiano ronaldo,370
Brazil,jordan,369
Brazil,spfc,369
Brazil,football,367
Brazil,covid-19,367
Brazil,como fazer,367
Brazil,grêmio,366
Brazil,ale,365
Brazil,renato garcia,364
Brazil,free fire ao vivo,364
Brazil,god,363
Brazil,los grandes,360
Brazil,bak,359
Brazil,marcos mion,359
Brazil,casa nova,358
Brazil,thurzin,358
Brazil,ygorx,357
Brazil,kof,357
Brazil,leon,356
Brazil,daily vlog,355
Brazil,b4,353
Brazil,lbff ao vivo,353
Brazil,sunaika bruna,352
Brazil,nacional,351
Brazil,flow,351
Brazil,lgd,350
Brazil,viagem,350
Brazil,el,350
Brazil,loudgg,348
Brazil,hudson,347
Brazil,mobile,347
Brazil,coreano,346
Brazil,liga nfa,346
Brazil,nfa,346
Brazil,ggeasy,346
Brazil,kronos,345
Brazil,pro player,342
Brazil,free fire brasil,342
Brazil,rodrigo carelli,341
Brazil,prova do fazendeiro,341
Brazil,prova de fogo,341
Brazil,game,341
Brazil,booyah,340
Brazil,crusherfooxi,340
Brazil,forsaken,340
Brazil,deuses,340
Brazil,since,340
Brazil,bradook,340
Brazil,anarchysons,340
Brazil,levelup,340
Brazil,faz o p,340
Brazil,buxexa,340
Brazil,sharin,340
Brazil,wins,340
Brazil,samuca,340
Brazil,bdl,340
Brazil,price,340
Brazil,god esports,340
Brazil,fsk,340
Brazil,dantes,340
Brazil,mm,340
Brazil,blak,340
Brazil,huntergod,340
Brazil,blakn444,340
Brazil,laude,340
Brazil,elton,340
Brazil,ss,340
Brazil,eltin,340
Brazil,show,339
Brazil,neto,338
Brazil,messi,337
Brazil,cartola fc 2020,337
Brazil,among us,336
Brazil,futparodias,335
Brazil,futparodia,335
Brazil,fut parodias,335
Brazil,futeparodia,335
Brazil,fut parodia,335
Brazil,paródia com jogadores,335
Brazil,piseiro,331
Brazil,flamengo ao vivo,324
Brazil,react,323
Brazil,vitória,323
Brazil,novo,322
Brazil,enem,322
Brazil,rede record,322
Brazil,ufc,321
Brazil,video,319
Brazil,unidos,318
Brazil,estados,318
Brazil,é gol,317
Brazil,dicas,317
Brazil,clipe oficial,315
Brazil,playhard,313
Brazil,oficial,313
Brazil,paola carosella,312
Brazil,erick jacquin,310
Brazil,internacional,309
Brazil,desafios,309
Brazil,animação,308
Brazil,cr7,308
Brazil,português,306
Brazil,bruno,304
Brazil,gabigol,303
Brazil,trollagem,303
Brazil,louvores,303
Brazil,br,303
Brazil,festa,300
Brazil,natal,300
Brazil,games,299
Brazil,teaser,299
Brazil,educação,297
Brazil,fox sports,294
Brazil,records,294
Brazil,gr6,293
Brazil,sao paulo,293
Brazil,canal do ge,292
Brazil,futebol nacional,291
Brazil,cartola 2020,291
Brazil,goals,290
Brazil,filmes,290
Brazil,golaço,287
Brazil,invento na hora,285
Brazil,lucas lira,285
Brazil,times de futebol,284
Brazil,sport,283
Brazil,big brother brasil,282
Brazil,louvor,282
Canada,funny,2657
Canada,comedy,2034
Canada,highlights,1465
Canada,football,1337
Canada,vlog,1198
Canada,news,1137
Canada,minecraft,1092
Canada,music,1014
Canada,nba,984
Canada,animation,975
Canada,challenge,962
Canada,2020,944
Canada,rap,910
Canada,tiktok,869
Canada,among us,817
Canada,family,812
Canada,diy,786
Canada,fortnite,783
Canada,how to,777
Canada,hip hop,768
Canada,gaming,767
Canada,basketball,750
Canada,video,747
Canada,reaction,707
Canada,soccer,700
Canada,music video,699
Canada,sports,691
Canada,tik tok,673
Canada,review,670
Canada,new,668
Canada,family friendly,647
Canada,bts,624
Canada,fun,602
Canada,ufc,585
Canada,science,583
Canada,entertainment,577
Canada,live,562
Canada,interview,533
Canada,pop,527
Canada,trailer,525
Canada,food,500
Canada,game,495
Canada,highlight,493
Canada,kpop,485
Canada,james charles,461
Canada,education,459
Canada,the,445
Canada,sport,441
Canada,premier league,438
Canada,dixie damelio,422
Canada,k-pop,414
Canada,play,413
Canada,parody,404
Canada,tutorial,402
Canada,tech,397
Canada,charli damelio,396
Canada,dream,395
Canada,cartoon,386
Canada,gameplay,384
Canada,mma,378
Canada,technology,377
Canada,apple,373
Canada,celebrities,373
Canada,humor,361
Canada,espn,361
Canada,charli d'amelio,359
Canada,minecraft challenge,358
Canada,ps5,358
Canada,buzzfeed,357
Canada,celebrity,356
Canada,fortnite battle royale,355
Canada,2021,355
Canada,unboxing,354
Canada,cooking,354
Canada,christmas,348
Canada,noah beck,346
Canada,youtube,345
Canada,dixie,344
Canada,disney,341
Canada,hollywood,337
Canada,action,337
Canada,humour,337
Canada,funny videos,332
Canada,dixie d'amelio,331
Canada,meme,329
Canada,battle royale,329
Canada,coronavirus,324
Canada,g league,323
Canada,teaser,321
Canada,drama,314
Canada,iphone 12,313
Canada,charli,310
Canada,official,307
Canada,xbox,306
Canada,goals,305
Canada,sketch,304
Canada,prank,302
Canada,politics,302
Canada,games,300
Canada,react,298
Canada,netflix,298
Canada,marvel,298
Canada,nfl,297
Canada,covid-19,296
Canada,official music video,295
Canada,nintendo,295
Canada,boxing,295
Canada,experiment,294
Canada,donald trump,292
Canada,video games,292
Canada,records,289
Canada,clip,287
Canada,nba playoffs,287
Canada,joe biden,286
Canada,fail,286
Canada,playstation,285
Canada,song,283
Canada,animated,281
Canada,video game,280
Canada,ps4,279
Canada,makeup,278
Canada,cute,278
Canada,canada,277
Canada,fashion,276
Canada,lol,275
Canada,recipe,275
Canada,iphone 12 pro,272
Canada,matpat,272
Canada,trending,267
Canada,vs,265
Canada,fight,265
Canada,xbox one,264
Canada,defense,264
Canada,pc,262
Canada,vlogs,261
Canada,dream minecraft,259
Canada,plays,259
Canada,movie,258
Canada,beauty,258
Canada,dream smp,258
Canada,among us animation,258
Canada,jake paul,257
Canada,offense,256
Canada,blackpink,256
Canada,hacks,256
Canada,playstation 5,254
Canada,nhl,254
Canada,manchester united,254
Canada,yt:cc=on,253
Canada,messi,252
Canada,dazn,251
Canada,history,251
Canada,jump shot,251
Canada,viral,250
Canada,love,249
Canada,film,249
Canada,ksi,248
Canada,tv,248
Canada,exclusive,246
Canada,steal,246
Canada,comedian,244
Canada,physics,244
Canada,sidemen,244
Canada,laugh,242
Canada,assist,241
Canada,f1,241
Canada,lebron james,240
Canada,rebound,240
Canada,damelio,240
Canada,commentary,240
Canada,chef,239
Canada,adventure,239
Canada,d'amelio,239
Canada,shorts,238
Canada,방탄소년단,236
Canada,space,235
Canada,minecraft but,232
Canada,nba season,232
Canada,baby,232
Canada,logan paul,230
Canada,dp,230
Canada,dude,230
Canada,atlantic records,229
Canada,test,229
Canada,playoffs,228
Canada,pass,227
Canada,do it yourself,226
Canada,lifestyle,225
Canada,reviews,223
Canada,travel,222
Canada,los angeles lakers,220
Canada,late night,219
Canada,full game highlights,219
Canada,hype house,218
Canada,formula 1,218
Canada,buzzfeedvideo,218
Canada,holiday,217
Canada,lakers,216
Canada,yg,216
Canada,full game recap,216
Canada,futbol,215
Canada,addison rae,214
Canada,reacting,213
Canada,talk show,213
Canada,goal,211
Canada,hockey,211
Canada,barcelona,210
Canada,yg entertainment,209
Canada,league of legends,207
Canada,hilarious,207
Canada,iphone 12 pro max,206
Canada,behind the scenes,205
Canada,boyfriend,203
Canada,heidi d'amelio,203
Canada,marc d'amelio,203
Canada,로제,203
Canada,game theory,202
Canada,epl,202
Canada,recap,201
Canada,ios 14,201
Canada,battle,201
Canada,kids,201
Canada,ko,200
Canada,trump,200
Canada,formula one,200
Canada,michou,200
Canada,podcast,200
Canada,imposter,199
Canada,dance,199
Canada,r&b,198
Canada,best,197
Canada,xbox series x,196
Canada,team,196
Canada,mine craft,196
Canada,fidget spinners,196
Canada,france,195
Canada,dunk,195
Canada,mystery,195
Canada,clean,195
Canada,film theory,194
Canada,rosé,194
Canada,pregnant,193
Canada,cycling,193
Canada,dude perfect,193
Canada,life,193
Canada,와이지,193
Canada,funny video,192
Canada,mobile game,192
Canada,kylie jenner,192
Canada,television,192
France,humour,2954
France,football,2425
France,france,1885
France,rap,1671
France,foot,1318
France,résumé,1072
France,michou,1028
France,paris,1007
France,musique,992
France,vlog,957
France,interview,915
France,challenge,883
France,fun,858
France,parodie,821
France,highlights,810
France,français,764
France,psg,716
France,video,711
France,fr,706
France,music,697
France,clip,688
France,drole,683
France,histoire,660
France,freestyle,646
France,pop,640
France,2020,634
France,sketch,616
France,drôle,612
France,jul,593
France,inoxtag,592
France,sport,582
France,marseille,577
France,film,574
France,live,570
France,match,566
France,buts,549
France,ligue 1,543
France,but,530
France,test,523
France,voiture,519
France,prank,517
France,booba,502
France,kpop,495
France,soccer,485
France,anime,484
France,manga,481
France,2021,471
France,reaction,465
France,tuto,451
France,ninho,448
France,divertissement,447
France,couple,443
France,journée,442
France,sp:ty=high,431
France,rap français,426
France,inox,424
France,sp:st=soccer,423
France,fortnite,423
France,gaming,419
France,diy,419
France,sch,418
France,science,417
France,messi,411
France,music video,410
France,k-pop,405
France,vidéo,403
France,défi,398
France,championnat,398
France,ligue 1 uber eats,395
France,french,395
France,jeux,394
France,cinéma,393
France,critique,389
France,hip hop,385
France,sp:vl=fr,377
France,teaser,376
France,instagram,376
France,youtube,367
France,neymar,366
France,tiktok,365
France,clip officiel,365
France,sp:li=france,365
France,lebouseuh,363
France,crouton,360
France,wejdene,351
France,voyage,351
France,naruto,350
France,lol,348
France,trailer,346
France,avis,344
France,résumé ligue 1 uber eats,343
France,vs,342
France,review,341
France,bts,341
France,funny,340
France,skyrock,338
France,tv,338
France,best of,330
France,benjamin,328
France,documentaire,326
France,valouzz,325
France,ligue des champions,324
France,jeu,324
France,redbox,323
France,ps5,320
France,arte,317
France,analyse,317
France,kaaris,317
France,amixem,313
France,comedy,306
France,naps,301
France,verrecchia,301
France,youtubeur,294
France,pidi,293
France,amour,292
France,niska,291
France,clash,291
France,twitch,290
France,makeup,289
France,apple,286
France,album,284
France,rap fr,277
France,freeze corleone,274
France,records,273
France,maes,270
France,cuisine,268
France,animation,262
France,beauté,260
France,le,260
France,paris saint-germain,259
France,news,259
France,confinement,258
France,mcfly,258
France,l1,258
France,gims,258
France,food,256
France,vulgarisation,256
France,covid,255
France,yt:cc=on,255
France,canal,252
France,rire,251
France,ronaldo,250
France,comedie,249
France,unboxing,248
France,hip hop/rap,247
France,aya nakamura,247
France,lyon,247
France,lacrim,246
France,dadju,246
France,canal plus,243
France,carlito,243
France,netflix,243
France,joyca,243
France,idol,242
France,action,242
France,french hip hop,242
France,delire,239
France,série,238
France,nouveau,236
France,leto,234
France,tf1,233
France,reportage,232
France,dance,232
France,famille,231
France,plk,231
France,barça,231
France,actualité,231
France,qg,230
France,humoriste,229
France,hatik,228
France,youtubeuse,228
France,fitness,227
France,nrj,227
France,camille lv,225
France,dégustation,223
France,video drole,223
France,goals,222
France,cyprien,221
France,vidéos,220
France,faq,220
France,tayc,220
France,koba lad,218
France,mbappe,218
France,squeezie,218
France,insolite,217
France,replay,215
France,aventure,215
France,france télévisions,215
France,legrandjd,213
France,damso,213
France,hiphop,213
France,coronavirus,213
France,prime,213
France,francais,213
France,mister v,213
France,chanson,212
France,gameplay,212
France,the,212
France,politique,211
France,sports,210
France,mv,209
France,pierre,209
France,japon,208
France,drill,207
France,game,207
France,de,206
France,iphone 12,206
France,top,204
France,soso maness,204
France,marrante,204
France,foot mercato,203
France,pierre croce,202
France,moto,202
France,minecraft,201
France,lucas,198
France,caméra cachée,197
France,f1,197
France,canal+,197
France,show,196
France,france télévision,196
France,team crouton,195
France,clique,195
France,vilebrequin,195
France,lifestyle,195
France,iphone,194
France,soolking,194
France,la,193
France,noel,192
France,planète rap,192
France,new,191
France,mbappé,191
France,francetv,191
France,slash,191
France,universal,191
France,anecdotes,191
France,essai,190
France,le qg,189
France,booskap,188
France,maison,188
France,youtunes,188
France,love,187
France,ferrari,187
France,les,187
France,jeux vidéo,187
France,khundar,185
France,poisson fécond,185
France,jimmy labeeu,184
France,golden moustache,184
France,olympique de marseille,184
France,tibo inshape,183
Germany,rap,2246
Germany,comedy,1909
Germany,vlog,1864
Germany,deutschrap,1819
Germany,rtl,1788
Germany,lustig,1728
Germany,rtl2,1609
Germany,deutsch,1594
Germany,highlights,1554
Germany,berlin,1471
Germany,dazn,1431
Germany,ganze folge,1359
Germany,tv now,1316
Germany,2020,1288
Germany,preview,1286
Germany,funny,1284
Germany,hiphop,1273
Germany,dazn highlights,1214
Germany,hip hop,1049
Germany,rtlzwei,962
Germany,liebe,956
Germany,german,883
Germany,tägliche highlights,878
Germany,challenge,870
Germany,football,853
Germany,prank,836
Germany,tiktok,812
Germany,music,798
Germany,sport,794
Germany,news,782
Germany,live,725
Germany,video,722
Germany,schule,706
Germany,bundesliga,704
Germany,doku,690
Germany,corona,676
Germany,musik,670
Germany,pop,668
Germany,beziehung,661
Germany,fun,648
Germany,test,645
Germany,stream,640
Germany,fußball,637
Germany,diy,622
Germany,dortmund,620
Germany,germany,618
Germany,familie,602
Germany,köln,600
Germany,tv,590
Germany,reportage,589
Germany,reaktion,587
Germany,unterhaltung,584
Germany,fail,581
Germany,dokumentation,573
Germany,krass klassenfahrt,573
Germany,funk,565
Germany,jp performance,560
Germany,tuning,559
Germany,deutschland,544
Germany,reaction,540
Germany,schwanger,537
Germany,audi,535
Germany,capital bra,524
Germany,tutorial,510
Germany,bmw,501
Germany,berlin tag und nacht,498
Germany,sky highlights,496
Germany,soccer,495
Germany,twitch,494
Germany,love,493
Germany,berlin - tag & nacht,489
Germany,serie,489
Germany,2021,489
Germany,hausboot,484
Germany,btn,484
Germany,jp,482
Germany,berlin tag und nacht preview,481
Germany,berlin tag und nacht vorschau,481
Germany,berlin tag und nacht ganze folge,481
Germany,berlin tag und nacht folge von heute,481
Germany,auto,480
Germany,show,480
Germany,premier league,479
Germany,berlin tag und nacht folge von gestern,479
Germany,spaß,471
Germany,witzig,466
Germany,fashion,465
Germany,music video,461
Germany,lachen,460
Germany,krass schule,456
Germany,porsche,455
Germany,animation,446
Germany,ferrari,444
Germany,zdf,440
Germany,review,432
Germany,mercedes,431
Germany,lamborghini,429
Germany,nachrichten,423
Germany,bts,421
Germany,baby,419
Germany,apple,419
Germany,song,416
Germany,family,415
Germany,vw,414
Germany,fortnite,411
Germany,vorschau,411
Germany,toni köln 50667,407
Germany,50667,404
Germany,hamburg,401
Germany,k50667,400
Germany,stella köln 50667,399
Germany,kochen,399
Germany,köln 50667 nelli,397
Germany,köln 50667 luca,397
Germany,oskar köln 50667,397
Germany,oscar köln,397
Germany,nelly köln 50667,397
Germany,soap köln,397
Germany,köln 50667 jill,397
Germany,ganze folge köln,397
Germany,köln 50667 phil,397
Germany,danilo köln 50667,397
Germany,preview köln,397
Germany,game,395
Germany,beate köln 50667,393
Germany,frankfurt,391
Germany,usa,391
Germany,boost,390
Germany,ard,385
Germany,essen,384
Germany,beauty,384
Germany,compilation,384
Germany,tik tok,381
Germany,youtuber,380
Germany,golf,378
Germany,neue folgen,376
Germany,interview,375
Germany,schwangerschaft,372
Germany,experiment,369
Germany,die jungen lehrer,368
Germany,krasse schule,368
Germany,new,368
Germany,turbo,366
Germany,tv now krass schule,365
Germany,krass schule neue staffel,365
Germany,krass schule 2020,364
Germany,cars,364
Germany,amerika,356
Germany,highlight,354
Germany,goal deutschland,349
Germany,jean pierre kraemer,348
Germany,youtube,346
Germany,unboxing,345
Germany,sky fußball,345
Germany,staffel 4,343
Germany,livestream,340
Germany,musikvideo,340
Germany,bayern,340
Germany,happy,339
Germany,sports,338
Germany,bundesliga highlights,335
Germany,dazn bundesliga,335
Germany,champions league,334
Germany,drift,333
Germany,kpop,331
Germany,lol,330
Germany,bvb,328
Germany,burnout,326
Germany,gaming,326
Germany,minecraft,326
Germany,premier league highlights,325
Germany,bundesliga dazn,324
Germany,dazn highlights bundesliga,322
Germany,biturbo,321
Germany,gti,320
Germany,samra,318
Germany,loud,318
Germany,trends,317
Germany,m4,317
Germany,exhaust,316
Germany,bugatti,313
Germany,roomtour,313
Germany,among us,312
Germany,varion,311
Germany,entertainment,311
Germany,knossi,307
Germany,weihnachten,307
Germany,supra,305
Germany,prosieben,305
Germany,bundesliga highlights dazn,303
Germany,abgasanlage,303
Germany,borussia dortmund,302
Germany,ps profis,301
Germany,antilag,301
Germany,flames,301
Germany,highlights bundesliga,300
Germany,science,299
Germany,fernsehen,298
Germany,f40,297
Germany,r8,297
Germany,918,297
Germany,bushido,297
Germany,corvette,297
Germany,geld,295
Germany,backfire,293
Germany,veyron,293
Germany,spyder,293
Germany,tipps,293
Germany,backen,292
Germany,casting,292
Germany,fitness,291
Germany,official video,288
Germany,haftbefehl,288
Germany,fcb,287
Germany,leben,284
Germany,official,283
Germany,humor,282
Germany,reagiert,280
Germany,kinder,279
Germany,fc bayern münchen,278
Germany,fußball highlights,276
Germany,sketch,274
Germany,fc bayern,274
Germany,parodie,274
Germany,epl highlights,273
Germany,wenn,271
Germany,lifestyle,271
Germany,highlights englische liga,270
Germany,freunde,270
Germany,premier league sky,270
Germany,premier league 2020/21,270
Germany,k-pop,269
Germany,instagram,269
Germany,cleo köln 50667,268
Germany,satire,267
Germany,bibi,265
Germany,drama,265
Germany,play,265
Germany,realtalk,264
Germany,f1,264
Germany,köln 50667 bo und leonie,263
Germany,köln 50667 online schauen kostenlos,263
Germany,the,260
Germany,epl2020/21,259
Germany,austausch,256
Germany,verarsche,256
Germany,rezept,256
Germany,umzug,255
Germany,dating,254
Germany,geburt,254
India,comedy,2426
India,funny,1492
India,trending,1474
India,india,1049
India,entertainment,1042
India,punjabi songs,1041
India,new song,1033
India,2020,1007
India,funny video,985
India,fun,947
India,latest punjabi songs,947
India,bigg boss,944
India,comedy video,902
India,new,902
India,comedy show,880
India,jethalal,850
India,babita,798
India,vlog,788
India,malayalam,784
India,latest,780
India,latest punjabi songs 2020,777
India,taarak mehta ka ooltah chashmah,767
India,तारक मेहता,766
India,vijay tv,766
India,hindi comedy show,758
India,new punjabi songs 2020,756
India,new punjabi songs,754
India,tamil shows,737
India,tapu sena,729
India,punjabi,726
India,sab tv funny show,725
India,new punjabi song 2020,724
India,hindi shows,706
India,funny videos,695
India,songs,690
India,comedy videos,681
India,sab tv channel,680
India,love,674
India,தமிழ்,661
India,star vijay tv,642
India,தொலைக்காட்சி,642
India,tamil tv,641
India,tamil web series,620
India,2021,617
India,web series,604
India,kerala,604
India,zee tv,604
India,song,590
India,new punjabi song,587
India,cricket,581
India,star,580
India,hotstar,572
India,latest punjabi song,564
India,redefining entertainment,550
India,bollywood,548
India,new songs,547
India,music,546
India,family,541
India,zee tamil,510
India,hindi web series,491
India,news,489
India,teaser,487
India,taarak mehta latest episode,481
India,new song 2020,480
India,latest punjabi song 2020,474
India,chippy,472
India,ipl,470
India,santhwanam hotstar,468
India,zee telugu,467
India,reality show,467
India,hindi,463
India,viral,461
India,tamil,459
India,hindi songs,459
India,vijay,457
India,zee bangla,442
India,colors tv new serial,442
India,promo,441
India,punjabi song,441
India,colors tv promo,440
India,asianet,440
India,review,437
India,web series trailer,437
India,colors tv serials all,436
India,zee kannada,436
India,crime show,436
India,कलर्स टीवी,436
India,horror show,435
India,haryanvi,429
India,colors tv khatron ke khiladi,429
India,vlogs,428
India,bhide,426
India,haryanvi songs,422
India,zee5,421
India,and tv,417
India,zee marathi,417
India,colors tv naagin,414
India,new haryanvi songs,412
India,love story,412
India,zee marathi tv serial,410
India,taarak mehta comedy scenes,410
India,latest web series 2020,409
India,taarak mehta funny,407
India,bengali web series,406
India,babita and jethalal funny,406
India,zee5 original movies,404
India,zee tv serial,404
India,upcoming movie trailer,404
India,zee5 originals,404
India,lockdown,402
India,videos,402
India,ooltah chashmah,401
India,jethalal babita funny,401
India,zee kannada serial,400
India,zee bangla serial,400
India,and tv serial,400
India,zee tamil serial,400
India,zee telugu serial,400
India,latest songs,397
India,டிவி,396
India,விஜய்,396
India,funny taarak mehta videos,395
India,popatlal comedy,392
India,tv serial updates,391
India,spoilers,391
India,tv show spoilers,391
India,before tv,391
India,bhide comedy scenes,390
India,tapu sonu,386
India,latest punjabi songs 2021,385
India,romance,384
India,indian tv show,383
India,sab tv serials,383
India,malayalam comedy,380
India,new punjabi songs 2021,377
India,highlights,375
India,latest haryanvi songs,373
India,malayalam serials,370
India,diy,367
India,new hindi songs,364
India,vlogger,364
India,bollywood songs,361
India,taarak mehta comedy,359
India,haryanvi songs haryanavi,357
India,tmkoc,356
India,latest song,353
India,new haryanvi songs haryanavi 2020,351
India,trailer,350
India,crazy xyz,350
India,asianet serials,349
India,challenge,348
India,biggboss,348
India,telugu,347
India,latest episode,342
India,video,341
India,viral video,339
India,taarak new episode,335
India,sketch,334
India,hindi tv serial,332
India,bts,331
India,tarak maheta ka ulta chasma,329
India,best,328
India,taarak full episode,327
India,sony tv,326
India,hindi comedy,323
India,ipl 2020,322
India,colors tv,320
India,jethalal funny,318
India,tamada media,314
India,best experiments in india,314
India,new serial,310
India,hip hop,310
India,daya,310
India,anjali bhabhi,308
India,friends,306
India,taarak episode,305
India,sonu tmkoc,305
India,jetha daya,305
India,jetha bhide,305
India,champak chacha,301
India,nakkalites,301
India,prank,301
India,india comedy show,300
India,the indian unboxer,300
India,talent,298
India,new video,296
India,webseries,295
India,rap,292
India,couple,292
India,kamal haasan,292
India,sonyliv,291
India,telugu comedy videos,290
India,netflix,288
India,2019,288
India,infinitum media,283
India,vijay television,281
India,food,281
India,taarak mehta ka ulta chashma,276
India,taarak mehta latest episodes,276
India,tseries songs,276
India,ulta chashma,276
India,live,275
India,neha kakkar,274
India,flowers tv,273
India,hit songs 2020,271
India,malayalam web series,271
India,youtube,271
India,roja episode today,271
India,sony music,270
India,malayalam cinema,269
India,bigg boss season 4,269
India,bigg boss tamil 4,268
India,watch,267
India,new songs 2020,267
India,life hacks,267
India,tseries,265
India,latest news,265
India,punjab,264
India,haryanvi song,264
India,santhwanam,264
India,flower tv comedy,263
India,2020 new songs,262
India,how to,261
India,flower tv malayalam,261
India,#comedy,260
India,anaysa,258
India,my village show,258
India,master,257
India,பிக்பாஸ்,257
India,mimicry,257
India,stage,256
India,malayalam comedy movies,256
India,comedy utsavam,256
India,tarak mehta ka ultah chashma,256
India,mimic,256
India,new song 2021,255
India,karikku,255
India,triggered insaan,255
India,ulaganayagan,254
India,விஜய் டிவி,253
India,punjabi song 2020,252
India,latest songs 2020,251
India,cooking,250
India,girls,250
India,indian,249
India,tips,248
India,starvijay,246
India,பிக்பாஸ் 4,246
India,punjabi songs 2020,245
India,haryanvi songs 2020,244
Japan,アニメ,2781
Japan,youtuber,2448
Japan,お笑い,2052
Japan,japan,1529
Japan,ドッキリ,1468
Japan,youtube,1449
Japan,ゲーム,1425
Japan,japanese,1299
Japan,おもしろ,1271
Japan,vtuber,1265
Japan,tiktok,1185
Japan,芸人,1184
Japan,動画,1162
Japan,コント,1136
Japan,メイク,1124
Japan,歌ってみた,1115
Japan,実況,1074
Japan,カップル,1026
Japan,面白,1014
Japan,大食い,983
Japan,爆笑,949
Japan,vlog,943
Japan,anime,913
Japan,uuum,891
Japan,ゲーム実況,864
Japan,料理,864
Japan,バーチャルyoutuber,831
Japan,アイドル,810
Japan,ネタ,805
Japan,漫画,794
Japan,プロ野球,763
Japan,面白い,744
Japan,都市伝説,741
Japan,ユーチューバー,726
Japan,スポーツ,721
Japan,k-pop,720
Japan,abema,718
Japan,楽しい,701
Japan,野球,695
Japan,ファッション,681
Japan,恋愛,671
Japan,釣り,656
Japan,ニュース,633
Japan,可愛い,629
Japan,diy,620
Japan,鬼滅の刃,617
Japan,game,616
Japan,ウーム,616
Japan,朝倉未来,608
Japan,rizin,607
Japan,コラボ,602
Japan,イケメン,590
Japan,日本,583
Japan,bts,567
Japan,すとぷり,565
Japan,チャレンジ,559
Japan,コスメ,547
Japan,トーク,540
Japan,商品紹介,538
Japan,家族,536
Japan,検証,531
Japan,ドラマ,529
Japan,オススメ,516
Japan,大学生,505
Japan,ライブ,501
Japan,twice,501
Japan,にじさんじ,497
Japan,ジャニーズ,493
Japan,やってみた,489
Japan,abematv,488
Japan,ヒカル,479
Japan,mv,478
Japan,声優,473
Japan,面白動画,471
Japan,映画,463
Japan,格闘技,457
Japan,lisa,454
Japan,funny,454
Japan,live,453
Japan,莉犬,452
Japan,吉本興業,447
Japan,マンガ,447
Japan,ホロライブ,446
Japan,阪神,443
Japan,谷やん,441
Japan,挑戦,440
Japan,レビュー,440
Japan,あるある,440
Japan,キャンプ,438
Japan,東海オンエア,437
Japan,朝倉海,437
Japan,kpop,430
Japan,笑える,423
Japan,高校生,421
Japan,漫才,420
Japan,niziu,418
Japan,戌神ころね,408
Japan,フィッシャーズ,405
Japan,ビログ,404
Japan,さとみ,403
Japan,マッチョ,401
Japan,講座,397
Japan,潤羽るしあ,397
Japan,夏色まつり,396
Japan,vr,394
Japan,ジェル,393
Japan,猫又おかゆ,390
Japan,角巻わため,390
Japan,不知火フレア,390
Japan,天音かなた,390
Japan,赤井はあと,390
Japan,常闇トワ,390
Japan,百鬼あやめ,390
Japan,ギャグ,390
Japan,紫咲シオン,390
Japan,宝鐘マリン,390
Japan,ロボ子さん,390
Japan,湊あくあ,390
Japan,桐生ココ,390
Japan,さくらみこ,390
Japan,白銀ノエル,390
Japan,姫森ルーナ,390
Japan,兎田ぺこら,390
Japan,ときのそら,390
Japan,大空スバル,390
Japan,大神ミオ,390
Japan,韓国,388
Japan,巨人,387
Japan,ころん,385
Japan,公式,384
Japan,バイク,384
Japan,るぅと,384
Japan,#abema,382
Japan,ダンス,381
Japan,大爆笑,380
Japan,一発芸,379
Japan,吉本,376
Japan,今日好き,376
Japan,音楽,376
Japan,白上フブキ,374
Japan,hololive,372
Japan,ウケる,371
Japan,かわいい,371
Japan,3d,370
Japan,夜空メル,369
Japan,モニタリング,368
Japan,雑談,366
Japan,fischer's,366
Japan,投稿,365
Japan,ルーティン,365
Japan,tiktoker,358
Japan,nijisanji,358
Japan,シルクの部屋,357
Japan,マサイ,357
Japan,身体張る,357
Japan,ザカオ,357
Japan,dama,357
Japan,ンダホ,357
Japan,ウオタミ,357
Japan,masai,357
Japan,zakao,357
Japan,motoki,357
Japan,silkroad,357
Japan,モトキ,357
Japan,那須川天心,357
Japan,シルクロード,357
Japan,ndaho,357
Japan,ダーマ,357
Japan,軍団,357
Japan,カジサック,356
Japan,アキ・ローゼンタール,356
Japan,腹筋崩壊,355
Japan,ボクシング,354
Japan,毎日,353
Japan,自然,353
Japan,実験,352
Japan,ビデオブロガー,349
Japan,blog,349
Japan,野生児,348
Japan,はじめしゃちょー,347
Japan,彼氏,343
Japan,衝撃,343
Japan,学校,342
Japan,無謀,340
Japan,masai.,340
Japan,azki,339
Japan,星街すいせい,339
Japan,抱腹絶倒,338
Japan,モデル,337
Japan,企画,336
Japan,music,335
Japan,漫画動画,335
Japan,j-pop,333
Japan,asmr,333
Japan,バラエティ,332
Japan,美容,330
Japan,東京,324
Japan,カバー,322
Japan,男女,322
Japan,中村悠一,322
Japan,癒月ちょこ,320
Japan,プチプラ,319
Japan,ichikara,318
Japan,喧嘩,318
Japan,2020,316
Japan,ダイエット,315
Japan,広島,312
Japan,しばゆー,308
Japan,日常,308
Japan,news,307
Japan,アベマ,306
Japan,旅行,306
Japan,キングコング,302
Japan,crazy,301
Japan,夫婦,301
Japan,abemaビデオ,299
Japan,トレーニング,298
Japan,滝沢秀明,297
Japan,タッキー,297
Japan,女子,297
Japan,#abematv,296
Japan,人気,296
Japan,キックボクシング,295
Japan,k-1,295
Japan,ピアノ,293
Japan,idol,292
Japan,しばなん,291
Japan,切り抜き,291
Japan,ゆっくり実況,288
Japan,ピッチャー,286
Japan,あやなん,283
Japan,ポンス,283
Japan,宮迫博之,283
Japan,中日,282
Japan,歌い手,281
Japan,ホロライブゲーマーズ,281
Japan,sixtones,281
Japan,ハイライト,280
Japan,彼女,278
Japan,popteen,278
Japan,ショートアニメ,277
Japan,マンガ動画,274
Japan,雪花ラミィ,272
Japan,尾丸ポルカ,272
Japan,獅白ぼたん,272
Japan,桃鈴ねね,272
Japan,ヒカキン,271
Japan,仕事,270
Japan,しばなんチャンネル,270
Japan,キッズチャンネル,270
Mexico,mexico,2705
Mexico,latin,1808
Mexico,noticias,1597
Mexico,bromas,1530
Mexico,vlog,1470
Mexico,musica,1452
Mexico,challenge,1439
Mexico,entretenimiento,1382
Mexico,comedia,1347
Mexico,broma,1339
Mexico,cracks,1338
Mexico,music,1303
Mexico,reto,1289
Mexico,trap,1236
Mexico,de,1219
Mexico,soccer,1168
Mexico,pop,1137
Mexico,highlights,1129
Mexico,futbol,1110
Mexico,resumen,1098
Mexico,televisa,1087
Mexico,rap,1083
Mexico,liga mx,1056
Mexico,argentina,1033
Mexico,reggaeton,1027
Mexico,retos,1022
Mexico,luisito comunica,996
Mexico,nuevo,986
Mexico,deportes,979
Mexico,risas,979
Mexico,los polinesios,923
Mexico,colombia,921
Mexico,hip hop,909
Mexico,tendencias,898
Mexico,futbol mexicano,873
Mexico,jukilop,872
Mexico,fútbol,871
Mexico,2020,869
Mexico,24 horas,857
Mexico,kimberly loaiza,854
Mexico,yolo aventuras,854
Mexico,video,844
Mexico,español,840
Mexico,goles,838
Mexico,humor,822
Mexico,latino,818
Mexico,barcelona,782
Mexico,divertido,762
Mexico,diversion,750
Mexico,vlogs,749
Mexico,minecraft,741
Mexico,tiktok,726
Mexico,cristiano ronaldo,723
Mexico,oficial,718
Mexico,among us,712
Mexico,amlo,686
Mexico,fede vigevani,684
Mexico,football,682
Mexico,juca,680
Mexico,skabeche,678
Mexico,yolo,676
Mexico,real madrid,673
Mexico,urban,653
Mexico,bad bunny,642
Mexico,amor,639
Mexico,gameplay,635
Mexico,pantoja,631
Mexico,fortnite,621
Mexico,video oficial,610
Mexico,tv azteca,609
Mexico,katie angel,609
Mexico,nando,607
Mexico,canal,595
Mexico,dios,593
Mexico,goals,590
Mexico,amlo en vivo,584
Mexico,free fire,581
Mexico,lionel messi,575
Mexico,kpop,574
Mexico,amlo hoy,570
Mexico,antrax,570
Mexico,fede,568
Mexico,tik tok,562
Mexico,bts,558
Mexico,maquillaje,541
Mexico,universal,525
Mexico,panda,521
Mexico,regional mexicano,519
Mexico,novios,516
Mexico,loaiza,516
Mexico,futebol,515
Mexico,juan,513
Mexico,mariana,510
Mexico,preguntas,508
Mexico,novia,504
Mexico,youtuber,500
Mexico,youtubers,497
Mexico,luisito,495
Mexico,cracks mx,494
Mexico,messi,491
Mexico,tendencia,490
Mexico,kimberly,489
Mexico,craks,486
Mexico,fichajes,485
Mexico,skills,481
Mexico,el,476
Mexico,urbano,472
Mexico,ucl,470
Mexico,coloridas,466
Mexico,rumores,465
Mexico,ozuna,460
Mexico,polinesios,458
Mexico,manu bravo,451
Mexico,crak,451
Mexico,confirmados,451
Mexico,videos,449
Mexico,marifer,448
Mexico,noticiero futbol,448
Mexico,banda,448
Mexico,pareja,441
Mexico,funny,439
Mexico,risa,438
Mexico,familia,437
Mexico,thedonato,437
Mexico,curiosidades,437
Mexico,golazos,437
Mexico,la,432
Mexico,novio,431
Mexico,chile,428
Mexico,yoloaventuras,425
Mexico,comunica,425
Mexico,comida,423
Mexico,2021,421
Mexico,juegos,421
Mexico,amigos,417
Mexico,sony music latin,413
Mexico,viral,407
Mexico,tudn,406
Mexico,team,406
Mexico,k-pop,405
Mexico,luisitocomunica,405
Mexico,luisitocomunicaa,405
Mexico,teaser,404
Mexico,gracioso,404
Mexico,records,403
Mexico,televisa deportes,402
Mexico,music video,402
Mexico,sandra cires,401
Mexico,univision,400
Mexico,blogs,399
Mexico,juan de dios pantoja,399
Mexico,j balvin,399
Mexico,tutorial,398
Mexico,uefa champions league,395
Mexico,tudn méxico,395
Mexico,tudn usa,395
Mexico,comunicaa,393
Mexico,luisito comunicaa,393
Mexico,diversión,390
Mexico,blog,389
Mexico,kenia os,389
Mexico,reaccionando,382
Mexico,youtube,381
Mexico,top,381
Mexico,videojuegos,379
Mexico,latin pop,375
Mexico,champions league,373
Mexico,umle,371
Mexico,kenia,368
Mexico,gera mx,368
Mexico,gol,367
Mexico,storytime,366
Mexico,thegrefg,363
Mexico,regional,358
Mexico,auronplay,357
Mexico,hiphop,354
Mexico,serie a,353
Mexico,andrés manuel lópez obrador,352
Mexico,guardianes 2020,351
Mexico,coreano vlogs,351
Mexico,mexican,351
Mexico,maluma,350
Mexico,goles liga mx,349
Mexico,titanes,347
Mexico,méxico,346
Mexico,andrés manuel canal,345
Mexico,lópez obrador,345
Mexico,lulu99,345
Mexico,mikecrack,341
Mexico,amlo canal oficial,338
Mexico,amlo canal,338
Mexico,tag,334
Mexico,duki,334
Mexico,viaje,333
Mexico,bundesliga,333
Mexico,coches,332
Mexico,amara que linda,332
Mexico,contagiados liga mx,329
Mexico,tuning,328
Mexico,pranks,327
Mexico,방탄소년단,326
Mexico,liga mx 2020,323
Mexico,grefg,323
Mexico,badabun,323
Mexico,diy,321
Mexico,fox sports,321
Mexico,premier league,319
Mexico,karen,319
Mexico,lesslie,317
Mexico,yoloriana,317
Mexico,linduras,316
Mexico,broma pesada,312
Mexico,mv,309
Mexico,reaccion,308
Mexico,moda,305
Mexico,ami rodriguez,305
Mexico,auron,304
Mexico,amlo informe hoy,304
Mexico,queen buenrostro,300
Mexico,amlo en vivo hoy,298
Mexico,amlo youtube hoy,297
Mexico,amlo youtube en vivo,297
Mexico,liga,296
Mexico,juventus,295
Mexico,juansguarnizo,293
Mexico,puerto rico,289
Mexico,marca claro,288
Mexico,navidad,287
Mexico,consejos,286
Mexico,cancion,285
Mexico,rafa,280
Mexico,bangtan,278
Mexico,twitch,278
Mexico,conferencia de prensa,278
Mexico,katie angel team,277
Mexico,tips,276
Mexico,idol,276
Mexico,freestyle,276
Mexico,rubius,275
Mexico,fire,275
Mexico,juki,275
Mexico,review,273
Mexico,noticias de deportes,273
Mexico,team angel,273
Mexico,khea,272
Mexico,karol g,271
Mexico,battle royale,271
Mexico,mañanera,271
Mexico,mañanera amlo,271
Mexico,conferencia matutina,271
Overall,funny,13251
Overall,vlog,12648
Overall,comedy,12011
Overall,football,10974
Overall,rap,9496
Overall,highlights,9249
Overall,music,8979
Overall,2020,8846
Overall,challenge,7213
Overall,news,6558
Overall,tiktok,6449
Overall,live,6196
Overall,kpop,6168
Overall,bts,6088
Overall,soccer,5971
Overall,pop,5516
Overall,hip hop,5505
Overall,video,5335
Overall,minecraft,4906
Overall,diy,4890
Overall,k-pop,4729
Overall,fun,4547
Overall,music video,4530
Overall,youtuber,4344
Overall,2021,4270
Overall,among us,4234
Overall,youtube,4166
Overall,fortnite,4151
Overall,animation,4101
Overall,new,4062
Overall,review,4026
Overall,humor,3997
Overall,game,3985
Overall,sports,3930
Overall,premier league,3862
Overall,entertainment,3836
Overall,family,3829
Overall,sport,3822
Overall,tik tok,3552
Overall,humour,3515
Overall,futebol,3508
Overall,interview,3476
Overall,reaction,3454
Overall,gaming,3368
Overall,ufc,3359
Overall,trailer,3269
Overall,tv,3216
Overall,hiphop,3201
Overall,teaser,3167
Overall,mexico,3112
Overall,방탄소년단,3054
Overall,prank,3051
Overall,nba,3015
Overall,アニメ,2871
Overall,goals,2824
Overall,how to,2823
Overall,apple,2766
Overall,latin,2708
Overall,trending,2685
Overall,food,2612
Overall,yt:cc=on,2578
Overall,lol,2570
Overall,love,2569
Overall,trap,2526
Overall,tutorial,2506
Overall,family friendly,2485
Overall,gameplay,2479
Overall,idol,2467
Overall,messi,2456
Overall,anime,2446
Overall,france,2439
Overall,science,2411
Overall,먹방,2404
Overall,highlight,2399
Overall,mma,2396
Overall,records,2360
Overall,makeup,2348
Overall,song,2341
Overall,musica,2340
Overall,dance,2338
Overall,the,2310
Overall,россия,2283
Overall,blackpink,2259
Overall,vlogs,2258
Overall,юмор,2253
Overall,ps5,2231
Overall,sketch,2224
Overall,новости,2221
Overall,mukbang,2216
Overall,basketball,2213
Overall,netflix,2204
Overall,bangtan,2201
Overall,mv,2166
Overall,unboxing,2163
Overall,dazn,2159
Overall,barcelona,2105
Overall,play,2105
Overall,обзор,2092
Overall,stream,2087
Overall,coronavirus,2083
Overall,futbol,2080
Overall,viral,2080
Overall,아이돌,2074
Overall,お笑い,2052
Overall,iphone 12,2021
Overall,funny videos,1995
Overall,show,1987
Overall,free fire,1986
Overall,manchester united,1980
Overall,comedia,1976
Overall,funny video,1969
Overall,навальный,1965
Overall,drama,1934
Overall,путин,1931
Overall,film,1931
Overall,official,1923
Overall,cristiano ronaldo,1915
Overall,official music video,1899
Overall,test,1899
Overall,battle royale,1897
Overall,yg,1887
Overall,boxing,1883
Overall,lisa,1882
Overall,action,1868
Overall,funk,1845
Overall,deutschrap,1836
Overall,japan,1832
Overall,clip,1828
Overall,gol,1816
Overall,resumen,1815
Overall,vs,1807
Overall,политика,1803
Overall,league of legends,1800
Overall,rtl,1797
Overall,psg,1795
Overall,yg entertainment,1792
Overall,beauty,1781
Overall,челлендж,1768
Overall,covid-19,1766
Overall,suga,1757
Overall,asmr,1756
Overall,iphone,1744
Overall,블랙핑크,1736
Overall,noticias,1734
Overall,christmas,1730
Overall,preview,1729
Overall,james charles,1729
Overall,lustig,1728
Overall,korea,1724
Overall,rm,1715
Overall,tech,1713
Overall,meme,1707
Overall,marvel,1700
Overall,와이지,1691
Overall,kbs,1684
Overall,de,1683
Overall,celebrity,1671
Overall,로제,1669
Overall,cartoon,1668
Overall,loud,1662
Overall,케이팝,1657
Overall,nfl,1654
Overall,jimin,1653
Overall,baby,1643
Overall,fashion,1641
Overall,sbs,1639
Overall,jin,1638
Overall,games,1634
Overall,movie,1633
Overall,couple,1630
Overall,rosé,1629
Overall,goal,1626
Overall,flamengo,1610
Overall,champions league,1609
Overall,rtl2,1609
Overall,celebrities,1601
Overall,deutsch,1594
Overall,twice,1593
Overall,jungkook,1593
Overall,podcast,1591
Overall,lifestyle,1583
Overall,sidemen,1582
Overall,donald trump,1578
Overall,best,1574
Overall,disney,1569
Overall,paris,1567
Overall,fail,1564
Overall,xbox,1557
Overall,twitch,1557
Overall,joe biden,1557
Overall,reggaeton,1551
Overall,freestyle,1551
Overall,playstation 5,1547
Overall,bromas,1530
Overall,f1,1524
Overall,foot,1522
Overall,comedian,1521
Overall,ゲーム,1517
Overall,제니,1516
Overall,goles,1514
Overall,jennie,1514
Overall,cooking,1513
Overall,pc,1513
Overall,iphone 12 pro,1512
Overall,dixie damelio,1510
Overall,brasil,1509
Overall,technology,1506
Overall,berlin,1504
Overall,education,1496
Overall,리사,1489
Overall,ps4,1489
Overall,ronaldo,1488
Overall,covid,1488
Overall,지수,1487
Overall,ao vivo,1485
Overall,espn,1481
Overall,ドッキリ,1476
Overall,canal,1472
Overall,jisoo,1470
Overall,bmw,1464
Overall,charli damelio,1463
Overall,react,1456
Overall,mercedes,1449
Overall,entretenimiento,1435
Overall,japanese,1430
Overall,parody,1429
Overall,예능,1427
Overall,nintendo,1424
Overall,charli d'amelio,1421
Overall,bundesliga,1411
Overall,universal,1409
Overall,sky sports,1409
Overall,dream,1401
Overall,fútbol,1400
Overall,fortnite battle royale,1395
Overall,defense,1393
Overall,playstation,1383
Overall,liverpool,1380
Overall,official video,1366
Overall,ferrari,1365
Overall,hollywood,1364
Overall,fight,1362
Overall,ganze folge,1359
Overall,интервью,1357
Overall,juventus,1352
Overall,cracks,1350
Overall,cute,1347
Overall,dixie,1346
Overall,broma,1346
Overall,plays,1343
Russia,россия,2266
Russia,юмор,2253
Russia,новости,2221
Russia,обзор,2092
Russia,навальный,1965
Russia,путин,1931
Russia,политика,1803
Russia,челлендж,1768
Russia,интервью,1357
Russia,последние новости,1160
Russia,лукашенко,1093
Russia,авто,1070
Russia,спорт,1046
Russia,анимация,1029
Russia,музыка,983
Russia,футбол,980
Russia,алексей навальный,929
Russia,беларусь,915
Russia,шоу,897
Russia,приколы,826
Russia,реакция,825
Russia,2020,821
Russia,тнт,788
Russia,кино,786
Russia,своими руками,781
Russia,сша,757
Russia,соловьев,745
Russia,топ,735
Russia,ufc,728
Russia,а4,728
Russia,фильм,722
Russia,онлайн,700
Russia,москва,686
Russia,24 часа,671
Russia,протесты,638
Russia,эксперимент,631
Russia,влог,626
Russia,выборы,619
Russia,сериал,614
Russia,мма,610
Russia,украина,610
Russia,премьера,609
Russia,прикол,608
Russia,еда,594
Russia,влад бумага,590
Russia,diy,584
Russia,моргенштерн,562
Russia,mma,557
Russia,тихановская,545
Russia,клип,543
Russia,владимир соловьев,538
Russia,смех,526
Russia,влад а4,523
Russia,тик ток,523
Russia,смешно,517
Russia,россия 24,507
Russia,армения,501
Russia,оппозиция,499
Russia,прямой эфир,495
Russia,полиция,490
Russia,история,488
Russia,трамп,479
Russia,видео,477
Russia,бой,474
Russia,митинг,473
Russia,короче говоря,473
Russia,тюнинг,468
Russia,новости россии,462
Russia,коронавирус,457
Russia,экономика,456
Russia,как сделать,456
Russia,владимир путин,454
Russia,матч тв,451
Russia,матч,447
Russia,стендап,445
Russia,2021,443
Russia,тест,441
Russia,вечер с владимиром соловьевым,438
Russia,music,430
Russia,news,423
Russia,пранк,417
Russia,новости мира,415
Russia,все на матч,413
Russia,фбк,413
Russia,россия 1,412
Russia,фильмы,411
Russia,школа,409
Russia,вести,407
Russia,comedy,400
Russia,ремонт,399
Russia,в прямом эфире,393
Russia,гол,392
Russia,бои,388
Russia,русские сериалы,388
Russia,камеди клаб,386
Russia,навальный лайф,385
Russia,камеди,383
Russia,дождь,382
Russia,америка,380
Russia,песни,375
Russia,навальный live,373
Russia,азербайджан,369
Russia,отношения,368
Russia,что если,367
Russia,криминал,361
Russia,телеканал дождь,360
Russia,сделай сам,359
Russia,пародия,357
Russia,шарий,356
Russia,александр лукашенко,355
Russia,нтв,354
Russia,шарий новое,354
Russia,распаковка,352
Russia,бизнес,351
Russia,вести 24,349
Russia,гараж,348
Russia,шарий блог,347
Russia,тикток,347
Russia,детектив,347
Russia,новости дня,346
Russia,байден,345
Russia,факты,345
Russia,смотрим,345
Russia,рецепты,344
Russia,анатолий шарий,343
Russia,нагорный карабах,341
Russia,смотреть,339
Russia,шарий видео,338
Russia,bmw,338
Russia,комедия,337
Russia,телевидение,336
Russia,шарий анатолий,336
Russia,в хорошем качестве,336
Russia,фильмы 2020,334
Russia,зеленский,332
Russia,белоруссия,331
Russia,ifhbq,331
Russia,отравление навального,331
Russia,challenge,330
Russia,навальный лайв,330
Russia,розыгрыш,329
Russia,новый год,322
Russia,игра,321
Russia,даня милохин,320
Russia,рецепт,318
Russia,любовь,317
Russia,самоделки,315
Russia,live,314
Russia,лайфхаки,313
Russia,новости сегодня,313
Russia,германия,312
Russia,лайфхак,311
Russia,новинка,309
Russia,что будет если,309
Russia,tik tok,307
Russia,болельщик,307
Russia,драйв,306
Russia,мировые новости,306
Russia,armenia,302
Russia,morgenshtern,300
Russia,попов,300
Russia,скетч,298
Russia,russia,297
Russia,apple,296
Russia,короче,296
Russia,топ 10,295
Russia,рыбалка,295
Russia,кремль,294
Russia,машина,293
Russia,сериалы,293
Russia,что было дальше,292
Russia,шоу-бизнес,291
Russia,вгтрк,291
Russia,highlights,289
Russia,mercedes,289
Russia,карабах,287
Russia,хабиб,284
Russia,русская музыка,284
Russia,iphone,284
Russia,прямая трансляция,282
Russia,смотреть онлайн,281
Russia,полный контакт,281
Russia,скабеева,280
Russia,жириновский,280
Russia,смешные видео,279
Russia,михеев,279
Russia,tiktok,279
Russia,бмв,279
Russia,тачки,279
Russia,смешное видео,277
Russia,сериалы 2020,276
Russia,люди,274
Russia,ntv,274
Russia,общество,274
Russia,ссср,274
Russia,standup,273
Russia,мультфильм,273
Russia,минск,272
Russia,как приготовить,272
Russia,кто последний,271
Russia,russia24,270
Russia,семья,270
Russia,стрим,270
Russia,animation,270
Russia,stand up,269
Russia,как,267
Russia,эксперименты,266
Russia,кухня,265
Russia,премьера клипа,264
Russia,бокс,264
Russia,тест драйв,264
Russia,wot,263
Russia,дворец путина,261
Russia,bts,261
Russia,танки,260
Russia,блог,260
Russia,football,259
Russia,comedy club,259
Russia,европа,256
Russia,наука,256
Russia,navalny live,254
Russia,funny,253
Russia,песня,252
Russia,амкал,252
Russia,соловьев live,252
Russia,путешествия,251
Russia,подборка,249
Russia,проверка,248
Russia,navalny,247
Russia,омон,247
Russia,дудь,247
Russia,m5,246
Russia,magic five,246
Russia,егор крид,246
Russia,информационный канал,245
Russia,детективы,245
Russia,uzbek,244
Russia,dream team house,244
Russia,мистика,243
Russia,дтп,241
Russia,новые сериалы,240
Russia,дрим тим хаус,239
Russia,24 часа челлендж,239
Russia,новинки музыки,238
Russia,стс,238
Russia,ольга скабеева,238
Russia,санкции,238
Russia,мерседес,237
Russia,выборы 2020,237
Russia,алиэкспресс,236
S Korea,kpop,2241
S Korea,먹방,2207
S Korea,예능,1383
S Korea,sbs,1381
S Korea,mukbang,1359
S Korea,bts,1339
S Korea,k-pop,1174
S Korea,kbs,1086
S Korea,브이로그,1074
S Korea,유재석,1000
S Korea,뉴스,989
S Korea,vlog,975
S Korea,아이돌,941
S Korea,손흥민,898
S Korea,방탄소년단,871
S Korea,tvn,869
S Korea,레전드,825
S Korea,korean,808
S Korea,mbc,800
S Korea,yt:cc=on,786
S Korea,요리,784
S Korea,korea,783
S Korea,토트넘,777
S Korea,애니메이션,747
S Korea,임영웅,715
S Korea,미스터트롯,684
S Korea,드라마,683
S Korea,웃긴영상,675
S Korea,트로트,673
S Korea,게임,646
S Korea,만화,628
S Korea,몰카,625
S Korea,더빙,618
S Korea,idol,610
S Korea,일상,591
S Korea,주식,590
S Korea,live,588
S Korea,병맛더빙,588
S Korea,music,578
S Korea,jtbc,578
S Korea,연애,578
S Korea,꿀잼,578
S Korea,병맛,575
S Korea,하하,572
S Korea,asmr,569
S Korea,런닝맨,553
S Korea,스포티비,551
S Korea,spotv,550
S Korea,mnet,548
S Korea,가짜사나이,542
S Korea,케이팝,535
S Korea,아프리카tv,531
S Korea,웹툰,526
S Korea,음악,523
S Korea,패션,514
S Korea,리뷰,503
S Korea,한국,501
S Korea,강아지,499
S Korea,ㅋㅋㅋ,492
S Korea,브레이브걸스,491
S Korea,웃긴,489
S Korea,라면,487
S Korea,다이어트,486
S Korea,개그,482
S Korea,코로나,480
S Korea,kdrama,479
S Korea,몰래카메라,477
S Korea,news,469
S Korea,커플,462
S Korea,nct,460
S Korea,조세호,457
S Korea,라이브,453
S Korea,영상,453
S Korea,롤린,446
S Korea,미스트롯,444
S Korea,diggle,439
S Korea,엠넷,435
S Korea,rm,433
S Korea,iu,433
S Korea,슈가,428
S Korea,싱어게인,426
S Korea,디글,426
S Korea,이수근,425
S Korea,짤툰,425
S Korea,축구,423
S Korea,양세찬,423
S Korea,댄스,423
S Korea,김종국,421
S Korea,아이유,418
S Korea,놀면뭐하니,412
S Korea,dance,412
S Korea,bj,410
S Korea,funny,410
S Korea,suga,410
S Korea,영탁,406
S Korea,송민호,405
S Korea,웹드라마,403
S Korea,jimin,399
S Korea,승우아빠,395
S Korea,bangtan,394
S Korea,정국,393
S Korea,자동차,393
S Korea,무리뉴,389
S Korea,jin,388
S Korea,노래,387
S Korea,지민,384
S Korea,웹예능,381
S Korea,제이홉,377
S Korea,음식,377
S Korea,민호,377
S Korea,jungkook,375
S Korea,프리미어리그,372
S Korea,blackpink,371
S Korea,슈퍼주니어,371
S Korea,규현,369
S Korea,runningman,369
S Korea,studiolululala,368
S Korea,스튜디오룰루랄라,368
S Korea,game,365
S Korea,개그맨,365
S Korea,운동,363
S Korea,hiphop,359
S Korea,고양이,357
S Korea,이찬원,357
S Korea,유튜버,353
S Korea,워크맨,352
S Korea,코로나19,348
S Korea,유퀴즈,345
S Korea,lol,344
S Korea,서장훈,342
S Korea,udt,341
S Korea,리액션,340
S Korea,트위치,338
S Korea,백종원,337
S Korea,prank,334
S Korea,어몽어스,333
S Korea,mino,332
S Korea,치킨,332
S Korea,피지컬갤러리,331
S Korea,wassupman,331
S Korea,쿡방,331
S Korea,블랙핑크,329
S Korea,가족,328
S Korea,웃음참기,326
S Korea,유나,326
S Korea,와썹맨,324
S Korea,반려견,322
S Korea,선미,322
S Korea,전소민,321
S Korea,예고,321
S Korea,양세형,321
S Korea,경제,319
S Korea,이광수,318
S Korea,영화,317
S Korea,장성규,315
S Korea,지석진,315
S Korea,힐링,315
S Korea,송지효,314
S Korea,사랑,313
S Korea,티저,313
S Korea,반려동물,311
S Korea,넷플릭스,309
S Korea,뮤직비디오,306
S Korea,여행,305
S Korea,투자,305
S Korea,케인,304
S Korea,제시,302
S Korea,총몇명,302
S Korea,하이라이트,301
S Korea,레시피,301
S Korea,유퀴즈온더블럭,301
S Korea,가수,299
S Korea,코미디,298
S Korea,역대급,298
S Korea,food,297
S Korea,연예인,294
S Korea,mv,292
S Korea,엔시티,291
S Korea,뽕숭아학당,290
S Korea,플레이리스트,289
S Korea,다큐,289
S Korea,yg,288
S Korea,장민호,286
S Korea,환불원정대,284
S Korea,맛집,284
S Korea,haha,284
S Korea,유희열,284
S Korea,이승기,283
S Korea,eating show,283
S Korea,힙합,283
S Korea,dynamite,282
S Korea,아프리카,282
S Korea,영상툰,281
S Korea,미국,280
S Korea,은지,280
S Korea,comedy,279
S Korea,유정,279
S Korea,파뿌리,278
S Korea,강호동,278
S Korea,결혼,275
S Korea,시트콤,274
S Korea,헬스,273
S Korea,직캠,273
S Korea,엔조이커플,272
S Korea,이슈,269
S Korea,jyp,269
S Korea,로제,269
S Korea,무한도전,268
S Korea,히밥,267
S Korea,샤이니,267
S Korea,웃음,266
S Korea,인터뷰,265
S Korea,jhope,265
S Korea,만들기,264
S Korea,장도연,264
S Korea,화사,262
S Korea,부동산,261
S Korea,rollin,259
S Korea,마크,258
S Korea,yg entertainment,258
S Korea,배틀그라운드,256
S Korea,dog,255
S Korea,민영,255
S Korea,entertainment,254
S Korea,방탄,254
S Korea,김민아,254
S Korea,정동원,253
S Korea,재테크,252
S Korea,kim jong kook,252
S Korea,여사친,251
S Korea,룰루랄라,251
S Korea,후기,250
S Korea,review,250
S Korea,스포츠,249
S Korea,역주행,248
S Korea,yoo jae suk,248
S Korea,다큐멘터리,247
S Korea,신병,245
S Korea,피오,245
S Korea,bravegirls,245
S Korea,seventeen,245
S Korea,부부,245
S Korea,와이지,243
S Korea,리그오브레전드,242
S Korea,육아,241
S Korea,유머,241
S Korea,제니,239
S Korea,삼성전자,238
S Korea,이효리,237
S Korea,teaser,237
UK,football,3223
UK,funny,2709
UK,comedy,2005
UK,premier league,1773
UK,highlights,1517
UK,soccer,1406
UK,sports,1281
UK,news,1156
UK,vlog,1128
UK,manchester united,1066
UK,challenge,1056
UK,sidemen,1049
UK,sky sports,1048
UK,minecraft,1006
UK,music,980
UK,live,954
UK,2020,918
UK,man utd,870
UK,tiktok,836
UK,ksi,826
UK,man united,814
UK,fortnite,807
UK,boxing,807
UK,family,774
UK,rap,760
UK,gaming,741
UK,stream,720
UK,mufc,696
UK,united,693
UK,sport,680
UK,music video,679
UK,review,676
UK,sky,675
UK,reaction,675
UK,london,663
UK,sky sports football,663
UK,ufc,655
UK,how to,651
UK,animation,646
UK,arsenal,639
UK,manchester united news,633
UK,premier league highlights,632
UK,football league,631
UK,solskjaer,626
UK,interview,622
UK,the united stand,617
UK,united stand,611
UK,new,607
UK,man utd news,606
UK,liverpool,600
UK,fun,592
UK,ole gunnar solskjaer,583
UK,goals,581
UK,transfer,578
UK,family friendly,570
UK,among us,563
UK,sky sports live,559
UK,manchester united transfer news,553
UK,tik tok,550
UK,solskjaer news,548
UK,bts,538
UK,hip hop,535
UK,video,534
UK,entertainment,524
UK,manchester united tv,498
UK,trailer,487
UK,pop,486
UK,coronavirus,486
UK,england,478
UK,chunkz,449
UK,celebrity,447
UK,the,442
UK,uk,428
UK,miniminter,424
UK,f1,423
UK,diy,415
UK,mark goldbridge,414
UK,dream,411
UK,bt sport,410
UK,goldbridge,405
UK,manchester united 2020,403
UK,bbc,403
UK,game,402
UK,formula 1,399
UK,mma,396
UK,christmas,395
UK,james charles,390
UK,wrestling,388
UK,wwe,384
UK,anthony joshua,383
UK,science,380
UK,fortnite battle royale,375
UK,chelsea,373
UK,tutorial,367
UK,व्यावसायिक कुश्ती,363
UK,food,363
UK,man utd transfer news,363
UK,kpop,362
UK,makeup,360
UK,مصارعه,359
UK,कुश्ती,359
UK,aubameyang,357
UK,wrestle,357
UK,action,355
UK,world wrestling entertainment,354
UK,willian,354
UK,messi,353
UK,wrestler,353
UK,superstars,353
UK,mu live streaming,351
UK,mikel arteta,350
UK,dixie damelio,349
UK,सुपरस्टार,348
UK,minecraft challenge,348
UK,मैच,348
UK,पहलवान,348
UK,formula one,348
UK,डब्लू डब्लू ई,348
UK,logan paul,345
UK,nba,345
UK,goal,344
UK,transfer news,343
UK,official,340
UK,education,340
UK,epl highlights 1920,338
UK,manchester united latest news,336
UK,live stream,335
UK,gameplay,334
UK,tech,333
UK,youtube,329
UK,apple,328
UK,2021,328
UK,charli damelio,325
UK,games,324
UK,noah beck,321
UK,technology,320
UK,covid-19,319
UK,epl,318
UK,fight,318
UK,parody,318
UK,vlogging,316
UK,donald trump,314
UK,arsenal fan tv,312
UK,ps5,311
UK,charli d'amelio,307
UK,dixie,307
UK,xbox,305
UK,behzinga,304
UK,david luiz,299
UK,k-pop,298
UK,solskjaer press conference,297
UK,troopz,296
UK,tyson fury,294
UK,mu live,294
UK,jake paul,292
UK,moresidemen,292
UK,laugh,291
UK,cartoon,290
UK,prank,289
UK,champions league,289
UK,lockdown,287
UK,ronaldo,287
UK,iphone 12,286
UK,records,286
UK,espn,286
UK,drama,285
UK,nicolas pepe,284
UK,aftv,284
UK,exercise,283
UK,xbox one,283
UK,dixie d'amelio,282
UK,covid,282
UK,health,281
UK,marvel,278
UK,arteta,276
UK,humor,273
UK,sketch,273
UK,comedian,272
UK,kids,271
UK,official music video,268
UK,pop music,267
UK,funny videos,267
UK,youtuber,266
UK,simon,266
UK,celebrities,266
UK,song,266
UK,podcast,265
UK,dream minecraft,265
UK,beta squad,264
UK,dream smp,264
UK,wwe 2020,263
UK,hollywood,263
UK,teaser,262
UK,joe biden,261
UK,charli,259
UK,trending,259
UK,battle royale,258
UK,viral,257
UK,playstation,257
UK,video games,257
UK,ps4,256
UK,cute,256
UK,thomas partey,255
UK,tv,254
UK,mesut ozil,253
UK,itv,253
UK,dance,251
UK,beauty,251
UK,unboxing,250
UK,zerkaa,250
UK,spurs,250
UK,hacks,249
UK,pierre-emerick aubameyang,248
UK,home workout,248
UK,cooking,248
UK,raw,247
UK,netflix,247
UK,playstation 5,247
UK,play,247
UK,hilarious,247
UK,fifa 21,246
UK,afc,245
UK,pc,244
UK,tottenham,244
UK,gabriel,243
UK,bruno fernandes,242
UK,boris johnson,241
UK,iphone 12 pro,241
UK,vikkstar,239
UK,exclusive,239
UK,xhaka,237
UK,man city,236
UK,minecraft but,236
UK,barcelona,235
UK,disney,235
UK,dad,235
UK,random,234
UK,grand prix,233
UK,british,233
UK,lifestyle,233
UK,xbox series x,232
UK,conor mcgregor,231
UK,jadon sancho,228
UK,martinelli,228
UK,movie,228
UK,tbjzl,228
UK,dt,227
UK,react,227
UK,mercedes,226
UK,skills,224
USA,funny,3032
USA,comedy,2219
USA,music,1499
USA,football,1420
USA,rap,1417
USA,highlights,1396
USA,news,1240
USA,2020,1236
USA,vlog,1185
USA,hip hop,1174
USA,animation,1117
USA,nba,1080
USA,minecraft,1075
USA,tiktok,967
USA,challenge,957
USA,family,923
USA,music video,862
USA,among us,843
USA,basketball,834
USA,highlight,807
USA,how to,790
USA,nfl,788
USA,tik tok,783
USA,game,765
USA,gaming,757
USA,reaction,740
USA,family friendly,736
USA,play,729
USA,fortnite,706
USA,soccer,705
USA,sports,696
USA,video,690
USA,new,689
USA,entertainment,680
USA,bts,667
USA,diy,647
USA,review,622
USA,james charles,608
USA,trailer,581
USA,live,573
USA,sport,572
USA,pop,564
USA,defense,563
USA,offense,555
USA,plays,547
USA,ufc,521
USA,science,501
USA,interview,500
USA,espn,476
USA,the,472
USA,kpop,472
USA,parody,472
USA,dixie damelio,461
USA,fun,460
USA,american football,459
USA,education,457
USA,charli damelio,446
USA,food,440
USA,official music video,440
USA,cartoon,427
USA,latin,425
USA,donald trump,425
USA,records,425
USA,joe biden,414
USA,season,412
USA,dixie,405
USA,charli d'amelio,403
USA,christmas,397
USA,touchdown,394
USA,ps5,393
USA,dream,386
USA,meme,386
USA,top plays,380
USA,td,380
USA,best plays,380
USA,game highlights,380
USA,disney,380
USA,tutorial,376
USA,gameplay,372
USA,minecraft challenge,369
USA,noah beck,368
USA,buzzfeed,368
USA,new york,366
USA,dixie d'amelio,366
USA,reggaeton,365
USA,2021,363
USA,humor,361
USA,celebrities,358
USA,g league,357
USA,boxing,357
USA,teaser,356
USA,k-pop,352
USA,animated,350
USA,charli,349
USA,marvel,348
USA,tech,345
USA,funny videos,345
USA,trending,340
USA,nintendo,339
USA,mma,339
USA,laugh,336
USA,viral,335
USA,reacting,335
USA,lil durk,334
USA,love,333
USA,fortnite battle royale,331
USA,apple,330
USA,hilarious,330
USA,baby,330
USA,official,328
USA,video games,327
USA,r&b,326
USA,react,325
USA,drama,324
USA,makeup,323
USA,cute,323
USA,atlantic records,323
USA,battle royale,317
USA,action,314
USA,technology,314
USA,youtube,313
USA,politics,310
USA,unboxing,309
USA,beauty,305
USA,xbox,305
USA,matpat,304
USA,cooking,304
USA,video game,302
USA,lakers,301
USA,ps4,300
USA,trap,300
USA,experiment,300
USA,lebron james,299
USA,sketch,298
USA,games,295
USA,xbox one,294
USA,pregnant,294
USA,nbc,291
USA,among us animation,289
USA,movie,288
USA,jump shot,288
USA,lil baby,288
USA,song,287
USA,atlanta,284
USA,playstation 5,282
USA,steal,281
USA,fox,280
USA,playstation,279
USA,fail,279
USA,snl,279
USA,los angeles lakers,278
USA,pregnancy,277
USA,hacks,276
USA,assist,275
USA,rebound,275
USA,nba season,273
USA,exclusive,272
USA,hollywood,272
USA,nba playoffs,272
USA,fight,271
USA,damelio,271
USA,방탄소년단,271
USA,commentary,271
USA,trump,271
USA,pc,270
USA,d'amelio,270
USA,dream minecraft,269
USA,yt:cc=on,268
USA,coronavirus,266
USA,pass,265
USA,futbol,264
USA,iphone 12,262
USA,history,260
USA,full game highlights,259
USA,late night,258
USA,lol,258
USA,hiphop,257
USA,goals,256
USA,full game recap,256
USA,prank,255
USA,reviews,253
USA,megan thee stallion,253
USA,official video,252
USA,recipe,250
USA,dream smp,249
USA,drake,248
USA,vlogs,247
USA,clip,247
USA,netflix,247
USA,tv,247
USA,james,245
USA,dude,245
USA,dp,245
USA,saturday night live,244
USA,surprise,243
USA,celebrity,241
USA,adventure,241
USA,complex,241
USA,addison rae,239
USA,hop,237
USA,blackpink,236
USA,fashion,236
USA,premier league,236
USA,hip-hop,236
USA,jake paul,235
USA,podcast,234
USA,heidi d'amelio,234
USA,marc d'amelio,234
USA,wandavision,231
USA,film,231
USA,covid-19,230
USA,hype house,230
USA,playoffs,230
USA,ko,229
USA,skit,229
USA,game theory,229
USA,dunk,227
USA,minecraft but,226
USA,new music,226
USA,boyfriend,226
USA,buzzfeedvideo,225
USA,iphone 12 pro,225
USA,do it yourself,225
USA,comedian,223
USA,hip,223
USA,fox sports,222
USA,life,222
USA,kids,221
USA,rpg,220
USA,chef,219
USA,battle,219
USA,logan paul,218
USA,film theory,218
USA,kamala harris,217
USA,larray,217
USA,cardi b,217
USA,knockout,216
USA,space,215
USA,tik tok makeup,215
USA,imposter,215
USA,video),213
USA,mexico,212
USA,xbox series x,210
USA,physics,210
USA,season 46,210
USA,snl 46,209
USA,try,209
USA,sidemen,208
USA,holiday,208
USA,urban,208
